t, xpos, ypos
0.000000,0.000000,1.000000
0.001000,0.002236,0.999995
0.002000,0.004472,0.999980
0.003000,0.006708,0.999955
0.004000,0.008944,0.999919
0.005000,0.011179,0.999874
0.006000,0.013415,0.999818
0.007000,0.015651,0.999752
0.008000,0.017886,0.999676
0.009000,0.020122,0.999589
0.010000,0.022357,0.999491
0.011000,0.024593,0.999383
0.012000,0.026829,0.999265
0.013000,0.029064,0.999136
0.014000,0.031300,0.998996
0.015000,0.033536,0.998846
0.016000,0.035771,0.998685
0.017000,0.038007,0.998513
0.018000,0.040243,0.998331
0.019000,0.042479,0.998137
0.020000,0.044715,0.997933
0.021000,0.046951,0.997717
0.022000,0.049187,0.997491
0.023000,0.051424,0.997253
0.024000,0.053660,0.997005
0.025000,0.055897,0.996745
0.026000,0.058133,0.996474
0.027000,0.060370,0.996192
0.028000,0.062607,0.995899
0.029000,0.064845,0.995595
0.030000,0.067082,0.995279
0.031000,0.069320,0.994952
0.032000,0.071557,0.994613
0.033000,0.073795,0.994263
0.034000,0.076034,0.993902
0.035000,0.078272,0.993529
0.036000,0.080511,0.993145
0.037000,0.082750,0.992749
0.038000,0.084989,0.992342
0.039000,0.087228,0.991923
0.040000,0.089468,0.991492
0.041000,0.091708,0.991050
0.042000,0.093948,0.990595
0.043000,0.096189,0.990130
0.044000,0.098429,0.989652
0.045000,0.100671,0.989163
0.046000,0.102912,0.988662
0.047000,0.105154,0.988149
0.048000,0.107396,0.987624
0.049000,0.109638,0.987087
0.050000,0.111881,0.986538
0.051000,0.114124,0.985978
0.052000,0.116368,0.985405
0.053000,0.118612,0.984820
0.054000,0.120856,0.984224
0.055000,0.123100,0.983615
0.056000,0.125345,0.982995
0.057000,0.127591,0.982362
0.058000,0.129837,0.981717
0.059000,0.132083,0.981060
0.060000,0.134329,0.980391
0.061000,0.136577,0.979709
0.062000,0.138824,0.979016
0.063000,0.141072,0.978310
0.064000,0.143320,0.977592
0.065000,0.145569,0.976862
0.066000,0.147819,0.976119
0.067000,0.150068,0.975365
0.068000,0.152319,0.974598
0.069000,0.154569,0.973818
0.070000,0.156821,0.973027
0.071000,0.159072,0.972223
0.072000,0.161325,0.971406
0.073000,0.163577,0.970578
0.074000,0.165831,0.969737
0.075000,0.168084,0.968883
0.076000,0.170339,0.968017
0.077000,0.172594,0.967139
0.078000,0.174849,0.966248
0.079000,0.177105,0.965345
0.080000,0.179362,0.964430
0.081000,0.181619,0.963502
0.082000,0.183876,0.962561
0.083000,0.186134,0.961608
0.084000,0.188393,0.960643
0.085000,0.190653,0.959665
0.086000,0.192913,0.958674
0.087000,0.195173,0.957671
0.088000,0.197434,0.956656
0.089000,0.199696,0.955628
0.090000,0.201959,0.954588
0.091000,0.204222,0.953535
0.092000,0.206485,0.952469
0.093000,0.208750,0.951391
0.094000,0.211014,0.950301
0.095000,0.213280,0.949197
0.096000,0.215546,0.948082
0.097000,0.217813,0.946954
0.098000,0.220081,0.945813
0.099000,0.222349,0.944660
0.100000,0.224618,0.943494
0.101000,0.226887,0.942316
0.102000,0.229157,0.941125
0.103000,0.231428,0.939921
0.104000,0.233700,0.938705
0.105000,0.235972,0.937477
0.106000,0.238245,0.936236
0.107000,0.240519,0.934982
0.108000,0.242793,0.933716
0.109000,0.245068,0.932437
0.110000,0.247344,0.931146
0.111000,0.249621,0.929843
0.112000,0.251898,0.928526
0.113000,0.254176,0.927198
0.114000,0.256455,0.925857
0.115000,0.258734,0.924503
0.116000,0.261015,0.923137
0.117000,0.263296,0.921758
0.118000,0.265578,0.920367
0.119000,0.267860,0.918963
0.120000,0.270143,0.917547
0.121000,0.272427,0.916119
0.122000,0.274712,0.914678
0.123000,0.276998,0.913225
0.124000,0.279284,0.911759
0.125000,0.281571,0.910281
0.126000,0.283859,0.908790
0.127000,0.286148,0.907287
0.128000,0.288438,0.905772
0.129000,0.290728,0.904244
0.130000,0.293019,0.902704
0.131000,0.295311,0.901152
0.132000,0.297604,0.899587
0.133000,0.299898,0.898010
0.134000,0.302192,0.896421
0.135000,0.304487,0.894819
0.136000,0.306783,0.893206
0.137000,0.309080,0.891580
0.138000,0.311378,0.889941
0.139000,0.313677,0.888291
0.140000,0.315976,0.886628
0.141000,0.318276,0.884953
0.142000,0.320577,0.883266
0.143000,0.322879,0.881567
0.144000,0.325182,0.879856
0.145000,0.327486,0.878132
0.146000,0.329790,0.876397
0.147000,0.332096,0.874649
0.148000,0.334402,0.872890
0.149000,0.336709,0.871118
0.150000,0.339017,0.869335
0.151000,0.341326,0.867539
0.152000,0.343636,0.865731
0.153000,0.345946,0.863912
0.154000,0.348258,0.862081
0.155000,0.350570,0.860237
0.156000,0.352883,0.858382
0.157000,0.355198,0.856515
0.158000,0.357513,0.854636
0.159000,0.359829,0.852746
0.160000,0.362145,0.850843
0.161000,0.364463,0.848929
0.162000,0.366782,0.847003
0.163000,0.369101,0.845066
0.164000,0.371422,0.843117
0.165000,0.373743,0.841156
0.166000,0.376065,0.839183
0.167000,0.378388,0.837199
0.168000,0.380713,0.835203
0.169000,0.383038,0.833196
0.170000,0.385363,0.831178
0.171000,0.387690,0.829147
0.172000,0.390018,0.827106
0.173000,0.392347,0.825053
0.174000,0.394676,0.822988
0.175000,0.397007,0.820913
0.176000,0.399338,0.818826
0.177000,0.401671,0.816727
0.178000,0.404004,0.814618
0.179000,0.406338,0.812497
0.180000,0.408673,0.810365
0.181000,0.411009,0.808221
0.182000,0.413346,0.806067
0.183000,0.415684,0.803902
0.184000,0.418023,0.801725
0.185000,0.420363,0.799537
0.186000,0.422704,0.797339
0.187000,0.425045,0.795129
0.188000,0.427388,0.792909
0.189000,0.429732,0.790677
0.190000,0.432076,0.788435
0.191000,0.434422,0.786182
0.192000,0.436768,0.783918
0.193000,0.439115,0.781644
0.194000,0.441464,0.779358
0.195000,0.443813,0.777062
0.196000,0.446163,0.774756
0.197000,0.448514,0.772438
0.198000,0.450866,0.770110
0.199000,0.453219,0.767772
0.200000,0.455573,0.765423
0.201000,0.457928,0.763064
0.202000,0.460284,0.760694
0.203000,0.462641,0.758314
0.204000,0.464999,0.755924
0.205000,0.467358,0.753523
0.206000,0.469717,0.751112
0.207000,0.472078,0.748691
0.208000,0.474440,0.746259
0.209000,0.476802,0.743818
0.210000,0.479166,0.741366
0.211000,0.481530,0.738904
0.212000,0.483895,0.736433
0.213000,0.486262,0.733951
0.214000,0.488629,0.731460
0.215000,0.490997,0.728958
0.216000,0.493367,0.726447
0.217000,0.495737,0.723926
0.218000,0.498108,0.721395
0.219000,0.500480,0.718855
0.220000,0.502853,0.716305
0.221000,0.505227,0.713745
0.222000,0.507602,0.711175
0.223000,0.509977,0.708597
0.224000,0.512354,0.706008
0.225000,0.514732,0.703410
0.226000,0.517111,0.700803
0.227000,0.519490,0.698187
0.228000,0.521871,0.695561
0.229000,0.524252,0.692926
0.230000,0.526635,0.690282
0.231000,0.529018,0.687628
0.232000,0.531402,0.684966
0.233000,0.533788,0.682294
0.234000,0.536174,0.679614
0.235000,0.538561,0.676924
0.236000,0.540949,0.674226
0.237000,0.543338,0.671519
0.238000,0.545728,0.668802
0.239000,0.548119,0.666078
0.240000,0.550511,0.663344
0.241000,0.552903,0.660602
0.242000,0.555297,0.657851
0.243000,0.557692,0.655092
0.244000,0.560087,0.652324
0.245000,0.562484,0.649547
0.246000,0.564881,0.646763
0.247000,0.567279,0.643969
0.248000,0.569678,0.641168
0.249000,0.572078,0.638358
0.250000,0.574479,0.635540
0.251000,0.576881,0.632714
0.252000,0.579284,0.629880
0.253000,0.581688,0.627038
0.254000,0.584092,0.624188
0.255000,0.586498,0.621330
0.256000,0.588904,0.618464
0.257000,0.591312,0.615590
0.258000,0.593720,0.612708
0.259000,0.596129,0.609819
0.260000,0.598539,0.606922
0.261000,0.600950,0.604017
0.262000,0.603362,0.601105
0.263000,0.605774,0.598186
0.264000,0.608188,0.595259
0.265000,0.610602,0.592324
0.266000,0.613018,0.589382
0.267000,0.615434,0.586433
0.268000,0.617851,0.583477
0.269000,0.620269,0.580513
0.270000,0.622688,0.577543
0.271000,0.625107,0.574565
0.272000,0.627528,0.571581
0.273000,0.629949,0.568589
0.274000,0.632372,0.565590
0.275000,0.634795,0.562585
0.276000,0.637219,0.559573
0.277000,0.639643,0.556554
0.278000,0.642069,0.553529
0.279000,0.644496,0.550497
0.280000,0.646923,0.547459
0.281000,0.649351,0.544414
0.282000,0.651780,0.541362
0.283000,0.654210,0.538304
0.284000,0.656641,0.535240
0.285000,0.659072,0.532170
0.286000,0.661504,0.529094
0.287000,0.663937,0.526011
0.288000,0.666371,0.522922
0.289000,0.668806,0.519828
0.290000,0.671242,0.516727
0.291000,0.673678,0.513621
0.292000,0.676115,0.510509
0.293000,0.678553,0.507391
0.294000,0.680992,0.504267
0.295000,0.683431,0.501138
0.296000,0.685871,0.498003
0.297000,0.688312,0.494862
0.298000,0.690754,0.491717
0.299000,0.693197,0.488565
0.300000,0.695640,0.485409
0.301000,0.698084,0.482247
0.302000,0.700529,0.479080
0.303000,0.702975,0.475908
0.304000,0.705421,0.472731
0.305000,0.707868,0.469549
0.306000,0.710316,0.466361
0.307000,0.712765,0.463169
0.308000,0.715214,0.459973
0.309000,0.717664,0.456771
0.310000,0.720115,0.453565
0.311000,0.722567,0.450354
0.312000,0.725019,0.447138
0.313000,0.727472,0.443918
0.314000,0.729925,0.440694
0.315000,0.732380,0.437465
0.316000,0.734835,0.434232
0.317000,0.737291,0.430995
0.318000,0.739747,0.427753
0.319000,0.742204,0.424508
0.320000,0.744662,0.421258
0.321000,0.747120,0.418005
0.322000,0.749579,0.414747
0.323000,0.752039,0.411486
0.324000,0.754500,0.408220
0.325000,0.756961,0.404952
0.326000,0.759423,0.401679
0.327000,0.761885,0.398403
0.328000,0.764348,0.395123
0.329000,0.766812,0.391840
0.330000,0.769276,0.388554
0.331000,0.771741,0.385264
0.332000,0.774207,0.381971
0.333000,0.776673,0.378675
0.334000,0.779139,0.375375
0.335000,0.781607,0.372073
0.336000,0.784075,0.368767
0.337000,0.786543,0.365459
0.338000,0.789013,0.362148
0.339000,0.791482,0.358834
0.340000,0.793953,0.355517
0.341000,0.796423,0.352198
0.342000,0.798895,0.348876
0.343000,0.801367,0.345552
0.344000,0.803839,0.342225
0.345000,0.806312,0.338896
0.346000,0.808786,0.335564
0.347000,0.811260,0.332230
0.348000,0.813735,0.328894
0.349000,0.816210,0.325556
0.350000,0.818686,0.322216
0.351000,0.821162,0.318874
0.352000,0.823639,0.315530
0.353000,0.826116,0.312184
0.354000,0.828594,0.308836
0.355000,0.831072,0.305487
0.356000,0.833551,0.302136
0.357000,0.836030,0.298784
0.358000,0.838509,0.295430
0.359000,0.840989,0.292074
0.360000,0.843470,0.288717
0.361000,0.845951,0.285359
0.362000,0.848432,0.282000
0.363000,0.850914,0.278640
0.364000,0.853396,0.275278
0.365000,0.855879,0.271916
0.366000,0.858362,0.268552
0.367000,0.860846,0.265188
0.368000,0.863330,0.261823
0.369000,0.865814,0.258457
0.370000,0.868299,0.255091
0.371000,0.870784,0.251724
0.372000,0.873269,0.248356
0.373000,0.875755,0.244988
0.374000,0.878241,0.241620
0.375000,0.880728,0.238251
0.376000,0.883215,0.234882
0.377000,0.885702,0.231513
0.378000,0.888189,0.228144
0.379000,0.890677,0.224774
0.380000,0.893165,0.221405
0.381000,0.895654,0.218036
0.382000,0.898143,0.214667
0.383000,0.900632,0.211299
0.384000,0.903121,0.207930
0.385000,0.905611,0.204562
0.386000,0.908101,0.201195
0.387000,0.910591,0.197828
0.388000,0.913081,0.194461
0.389000,0.915572,0.191096
0.390000,0.918063,0.187731
0.391000,0.920554,0.184367
0.392000,0.923045,0.181004
0.393000,0.925537,0.177641
0.394000,0.928029,0.174280
0.395000,0.930521,0.170920
0.396000,0.933013,0.167561
0.397000,0.935506,0.164203
0.398000,0.937998,0.160847
0.399000,0.940491,0.157492
0.400000,0.942984,0.154138
0.401000,0.945477,0.150786
0.402000,0.947970,0.147435
0.403000,0.950463,0.144087
0.404000,0.952957,0.140739
0.405000,0.955451,0.137394
0.406000,0.957944,0.134051
0.407000,0.960438,0.130709
0.408000,0.962932,0.127370
0.409000,0.965426,0.124032
0.410000,0.967920,0.120697
0.411000,0.970415,0.117364
0.412000,0.972909,0.114033
0.413000,0.975403,0.110705
0.414000,0.977898,0.107379
0.415000,0.980392,0.104056
0.416000,0.982886,0.100735
0.417000,0.985381,0.097417
0.418000,0.987875,0.094101
0.419000,0.990370,0.090789
0.420000,0.992864,0.087479
0.421000,0.995359,0.084172
0.422000,0.997853,0.080868
0.423000,1.000348,0.077567
0.424000,1.002842,0.074270
0.425000,1.005336,0.070975
0.426000,1.007831,0.067684
0.427000,1.010325,0.064396
0.428000,1.012819,0.061112
0.429000,1.015313,0.057831
0.430000,1.017807,0.054554
0.431000,1.020301,0.051280
0.432000,1.022795,0.048010
0.433000,1.025288,0.044744
0.434000,1.027782,0.041481
0.435000,1.030275,0.038223
0.436000,1.032768,0.034968
0.437000,1.035261,0.031718
0.438000,1.037754,0.028472
0.439000,1.040247,0.025230
0.440000,1.042739,0.021992
0.441000,1.045232,0.018758
0.442000,1.047724,0.015529
0.443000,1.050216,0.012304
0.444000,1.052708,0.009084
0.445000,1.055199,0.005869
0.446000,1.057690,0.002658
0.447000,1.060181,-0.000548
0.448000,1.062672,-0.003749
0.449000,1.065162,-0.006946
0.450000,1.067652,-0.010137
0.451000,1.070142,-0.013323
0.452000,1.072632,-0.016505
0.453000,1.075121,-0.019681
0.454000,1.077610,-0.022852
0.455000,1.080099,-0.026017
0.456000,1.082587,-0.029177
0.457000,1.085075,-0.032332
0.458000,1.087562,-0.035482
0.459000,1.090049,-0.038625
0.460000,1.092536,-0.041763
0.461000,1.095023,-0.044896
0.462000,1.097509,-0.048022
0.463000,1.099994,-0.051143
0.464000,1.102479,-0.054258
0.465000,1.104964,-0.057367
0.466000,1.107448,-0.060469
0.467000,1.109932,-0.063566
0.468000,1.112415,-0.066656
0.469000,1.114898,-0.069741
0.470000,1.117381,-0.072818
0.471000,1.119863,-0.075890
0.472000,1.122344,-0.078955
0.473000,1.124825,-0.082014
0.474000,1.127305,-0.085065
0.475000,1.129785,-0.088111
0.476000,1.132264,-0.091149
0.477000,1.134743,-0.094181
0.478000,1.137221,-0.097206
0.479000,1.139699,-0.100224
0.480000,1.142176,-0.103235
0.481000,1.144652,-0.106239
0.482000,1.147128,-0.109236
0.483000,1.149603,-0.112225
0.484000,1.152077,-0.115208
0.485000,1.154551,-0.118183
0.486000,1.157024,-0.121150
0.487000,1.159497,-0.124110
0.488000,1.161969,-0.127063
0.489000,1.164440,-0.130008
0.490000,1.166910,-0.132946
0.491000,1.169380,-0.135876
0.492000,1.171849,-0.138797
0.493000,1.174317,-0.141712
0.494000,1.176785,-0.144618
0.495000,1.179251,-0.147516
0.496000,1.181717,-0.150406
0.497000,1.184182,-0.153288
0.498000,1.186647,-0.156162
0.499000,1.189110,-0.159028
0.500000,1.191573,-0.161886
0.501000,1.194035,-0.164735
0.502000,1.196496,-0.167575
0.503000,1.198956,-0.170408
0.504000,1.201416,-0.173231
0.505000,1.203874,-0.176046
0.506000,1.206332,-0.178853
0.507000,1.208789,-0.181650
0.508000,1.211244,-0.184439
0.509000,1.213699,-0.187219
0.510000,1.216153,-0.189990
0.511000,1.218606,-0.192752
0.512000,1.221058,-0.195505
0.513000,1.223509,-0.198249
0.514000,1.225959,-0.200984
0.515000,1.228408,-0.203710
0.516000,1.230857,-0.206426
0.517000,1.233304,-0.209133
0.518000,1.235750,-0.211830
0.519000,1.238195,-0.214518
0.520000,1.240639,-0.217197
0.521000,1.243081,-0.219866
0.522000,1.245523,-0.222525
0.523000,1.247964,-0.225174
0.524000,1.250403,-0.227814
0.525000,1.252842,-0.230444
0.526000,1.255279,-0.233064
0.527000,1.257715,-0.235674
0.528000,1.260150,-0.238274
0.529000,1.262584,-0.240864
0.530000,1.265017,-0.243444
0.531000,1.267449,-0.246014
0.532000,1.269879,-0.248573
0.533000,1.272308,-0.251122
0.534000,1.274736,-0.253661
0.535000,1.277162,-0.256189
0.536000,1.279588,-0.258707
0.537000,1.282012,-0.261215
0.538000,1.284435,-0.263711
0.539000,1.286856,-0.266197
0.540000,1.289276,-0.268673
0.541000,1.291695,-0.271137
0.542000,1.294113,-0.273591
0.543000,1.296529,-0.276034
0.544000,1.298944,-0.278466
0.545000,1.301357,-0.280887
0.546000,1.303769,-0.283297
0.547000,1.306180,-0.285696
0.548000,1.308589,-0.288084
0.549000,1.310997,-0.290460
0.550000,1.313403,-0.292825
0.551000,1.315808,-0.295179
0.552000,1.318212,-0.297522
0.553000,1.320614,-0.299853
0.554000,1.323014,-0.302173
0.555000,1.325413,-0.304481
0.556000,1.327811,-0.306777
0.557000,1.330207,-0.309062
0.558000,1.332601,-0.311336
0.559000,1.334994,-0.313597
0.560000,1.337386,-0.315847
0.561000,1.339775,-0.318085
0.562000,1.342163,-0.320310
0.563000,1.344550,-0.322524
0.564000,1.346935,-0.324726
0.565000,1.349318,-0.326916
0.566000,1.351700,-0.329094
0.567000,1.354080,-0.331260
0.568000,1.356458,-0.333413
0.569000,1.358834,-0.335555
0.570000,1.361209,-0.337683
0.571000,1.363582,-0.339800
0.572000,1.365954,-0.341904
0.573000,1.368323,-0.343996
0.574000,1.370691,-0.346075
0.575000,1.373057,-0.348142
0.576000,1.375421,-0.350196
0.577000,1.377784,-0.352237
0.578000,1.380145,-0.354266
0.579000,1.382503,-0.356282
0.580000,1.384860,-0.358285
0.581000,1.387216,-0.360275
0.582000,1.389569,-0.362253
0.583000,1.391920,-0.364217
0.584000,1.394270,-0.366169
0.585000,1.396617,-0.368107
0.586000,1.398963,-0.370033
0.587000,1.401306,-0.371945
0.588000,1.403648,-0.373844
0.589000,1.405988,-0.375730
0.590000,1.408326,-0.377603
0.591000,1.410661,-0.379462
0.592000,1.412995,-0.381308
0.593000,1.415327,-0.383141
0.594000,1.417656,-0.384960
0.595000,1.419984,-0.386766
0.596000,1.422309,-0.388559
0.597000,1.424633,-0.390337
0.598000,1.426954,-0.392102
0.599000,1.429273,-0.393854
0.600000,1.431590,-0.395592
0.601000,1.433905,-0.397316
0.602000,1.436218,-0.399026
0.603000,1.438528,-0.400723
0.604000,1.440836,-0.402406
0.605000,1.443142,-0.404074
0.606000,1.445446,-0.405729
0.607000,1.447748,-0.407370
0.608000,1.450047,-0.408997
0.609000,1.452344,-0.410610
0.610000,1.454639,-0.412209
0.611000,1.456932,-0.413794
0.612000,1.459222,-0.415364
0.613000,1.461510,-0.416921
0.614000,1.463795,-0.418463
0.615000,1.466079,-0.419991
0.616000,1.468359,-0.421504
0.617000,1.470638,-0.423003
0.618000,1.472914,-0.424488
0.619000,1.475187,-0.425959
0.620000,1.477458,-0.427415
0.621000,1.479727,-0.428856
0.622000,1.481993,-0.430283
0.623000,1.484257,-0.431696
0.624000,1.486518,-0.433093
0.625000,1.488777,-0.434477
0.626000,1.491033,-0.435845
0.627000,1.493287,-0.437199
0.628000,1.495538,-0.438538
0.629000,1.497786,-0.439863
0.630000,1.500032,-0.441172
0.631000,1.502275,-0.442467
0.632000,1.504516,-0.443747
0.633000,1.506754,-0.445012
0.634000,1.508989,-0.446263
0.635000,1.511222,-0.447498
0.636000,1.513452,-0.448718
0.637000,1.515679,-0.449923
0.638000,1.517904,-0.451114
0.639000,1.520126,-0.452289
0.640000,1.522345,-0.453449
0.641000,1.524561,-0.454594
0.642000,1.526775,-0.455724
0.643000,1.528986,-0.456839
0.644000,1.531194,-0.457938
0.645000,1.533399,-0.459022
0.646000,1.535601,-0.460091
0.647000,1.537800,-0.461145
0.648000,1.539997,-0.462183
0.649000,1.542190,-0.463207
0.650000,1.544381,-0.464214
0.651000,1.546569,-0.465207
0.652000,1.548754,-0.466184
0.653000,1.550936,-0.467145
0.654000,1.553115,-0.468091
0.655000,1.555290,-0.469022
0.656000,1.557463,-0.469937
0.657000,1.559633,-0.470837
0.658000,1.561800,-0.471721
0.659000,1.563964,-0.472590
0.660000,1.566125,-0.473443
0.661000,1.568282,-0.474280
0.662000,1.570437,-0.475102
0.663000,1.572588,-0.475908
0.664000,1.574736,-0.476698
0.665000,1.576881,-0.477473
0.666000,1.579023,-0.478232
0.667000,1.581162,-0.478976
0.668000,1.583298,-0.479703
0.669000,1.585430,-0.480415
0.670000,1.587559,-0.481111
0.671000,1.589685,-0.481791
0.672000,1.591807,-0.482456
0.673000,1.593926,-0.483105
0.674000,1.596042,-0.483738
0.675000,1.598155,-0.484355
0.676000,1.600264,-0.484956
0.677000,1.602370,-0.485541
0.678000,1.604473,-0.486110
0.679000,1.606572,-0.486664
0.680000,1.608667,-0.487201
0.681000,1.610760,-0.487723
0.682000,1.612849,-0.488229
0.683000,1.614934,-0.488718
0.684000,1.617016,-0.489192
0.685000,1.619094,-0.489650
0.686000,1.621169,-0.490092
0.687000,1.623241,-0.490518
0.688000,1.625309,-0.490927
0.689000,1.627373,-0.491321
0.690000,1.629433,-0.491699
0.691000,1.631491,-0.492061
0.692000,1.633544,-0.492406
0.693000,1.635594,-0.492736
0.694000,1.637640,-0.493050
0.695000,1.639683,-0.493347
0.696000,1.641722,-0.493629
0.697000,1.643757,-0.493894
0.698000,1.645788,-0.494143
0.699000,1.647816,-0.494377
0.700000,1.649840,-0.494594
0.701000,1.651860,-0.494795
0.702000,1.653876,-0.494980
0.703000,1.655889,-0.495148
0.704000,1.657898,-0.495301
0.705000,1.659902,-0.495438
0.706000,1.661904,-0.495558
0.707000,1.663901,-0.495663
0.708000,1.665894,-0.495751
0.709000,1.667883,-0.495823
0.710000,1.669869,-0.495879
0.711000,1.671850,-0.495919
0.712000,1.673828,-0.495943
0.713000,1.675801,-0.495951
0.714000,1.677771,-0.495943
0.715000,1.679736,-0.495918
0.716000,1.681698,-0.495878
0.717000,1.683655,-0.495821
0.718000,1.685609,-0.495749
0.719000,1.687558,-0.495660
0.720000,1.689503,-0.495555
0.721000,1.691444,-0.495434
0.722000,1.693381,-0.495297
0.723000,1.695314,-0.495144
0.724000,1.697242,-0.494975
0.725000,1.699166,-0.494790
0.726000,1.701087,-0.494589
0.727000,1.703002,-0.494371
0.728000,1.704914,-0.494138
0.729000,1.706821,-0.493889
0.730000,1.708724,-0.493624
0.731000,1.710623,-0.493342
0.732000,1.712518,-0.493045
0.733000,1.714408,-0.492732
0.734000,1.716293,-0.492403
0.735000,1.718175,-0.492058
0.736000,1.720052,-0.491697
0.737000,1.721924,-0.491320
0.738000,1.723792,-0.490927
0.739000,1.725656,-0.490518
0.740000,1.727515,-0.490093
0.741000,1.729370,-0.489653
0.742000,1.731220,-0.489197
0.743000,1.733065,-0.488724
0.744000,1.734906,-0.488236
0.745000,1.736743,-0.487733
0.746000,1.738575,-0.487213
0.747000,1.740402,-0.486678
0.748000,1.742225,-0.486127
0.749000,1.744043,-0.485560
0.750000,1.745856,-0.484977
0.751000,1.747665,-0.484379
0.752000,1.749469,-0.483765
0.753000,1.751268,-0.483136
0.754000,1.753063,-0.482491
0.755000,1.754852,-0.481830
0.756000,1.756637,-0.481154
0.757000,1.758418,-0.480462
0.758000,1.760193,-0.479755
0.759000,1.761964,-0.479032
0.760000,1.763729,-0.478294
0.761000,1.765490,-0.477540
0.762000,1.767246,-0.476771
0.763000,1.768997,-0.475987
0.764000,1.770743,-0.475187
0.765000,1.772484,-0.474372
0.766000,1.774221,-0.473541
0.767000,1.775952,-0.472695
0.768000,1.777678,-0.471834
0.769000,1.779399,-0.470958
0.770000,1.781116,-0.470066
0.771000,1.782827,-0.469160
0.772000,1.784533,-0.468238
0.773000,1.786234,-0.467301
0.774000,1.787929,-0.466349
0.775000,1.789620,-0.465383
0.776000,1.791306,-0.464401
0.777000,1.792986,-0.463404
0.778000,1.794661,-0.462392
0.779000,1.796331,-0.461365
0.780000,1.797996,-0.460324
0.781000,1.799655,-0.459268
0.782000,1.801309,-0.458197
0.783000,1.802958,-0.457111
0.784000,1.804602,-0.456010
0.785000,1.806240,-0.454895
0.786000,1.807873,-0.453765
0.787000,1.809501,-0.452621
0.788000,1.811123,-0.451462
0.789000,1.812740,-0.450289
0.790000,1.814351,-0.449101
0.791000,1.815957,-0.447899
0.792000,1.817557,-0.446682
0.793000,1.819152,-0.445451
0.794000,1.820741,-0.444206
0.795000,1.822325,-0.442946
0.796000,1.823903,-0.441673
0.797000,1.825476,-0.440385
0.798000,1.827043,-0.439083
0.799000,1.828605,-0.437767
0.800000,1.830161,-0.436437
0.801000,1.831711,-0.435094
0.802000,1.833256,-0.433736
0.803000,1.834795,-0.432364
0.804000,1.836328,-0.430979
0.805000,1.837855,-0.429580
0.806000,1.839377,-0.428167
0.807000,1.840893,-0.426740
0.808000,1.842403,-0.425300
0.809000,1.843908,-0.423847
0.810000,1.845406,-0.422380
0.811000,1.846899,-0.420899
0.812000,1.848386,-0.419406
0.813000,1.849867,-0.417898
0.814000,1.851342,-0.416378
0.815000,1.852811,-0.414844
0.816000,1.854274,-0.413298
0.817000,1.855731,-0.411738
0.818000,1.857182,-0.410165
0.819000,1.858628,-0.408579
0.820000,1.860067,-0.406980
0.821000,1.861500,-0.405369
0.822000,1.862927,-0.403744
0.823000,1.864348,-0.402107
0.824000,1.865763,-0.400458
0.825000,1.867172,-0.398795
0.826000,1.868574,-0.397121
0.827000,1.869971,-0.395433
0.828000,1.871361,-0.393734
0.829000,1.872745,-0.392022
0.830000,1.874123,-0.390297
0.831000,1.875494,-0.388561
0.832000,1.876859,-0.386812
0.833000,1.878218,-0.385052
0.834000,1.879571,-0.383279
0.835000,1.880917,-0.381494
0.836000,1.882257,-0.379698
0.837000,1.883591,-0.377890
0.838000,1.884918,-0.376070
0.839000,1.886239,-0.374238
0.840000,1.887553,-0.372395
0.841000,1.888861,-0.370541
0.842000,1.890162,-0.368675
0.843000,1.891457,-0.366798
0.844000,1.892745,-0.364909
0.845000,1.894027,-0.363009
0.846000,1.895303,-0.361099
0.847000,1.896571,-0.359177
0.848000,1.897833,-0.357244
0.849000,1.899089,-0.355300
0.850000,1.900338,-0.353346
0.851000,1.901580,-0.351381
0.852000,1.902815,-0.349405
0.853000,1.904044,-0.347419
0.854000,1.905266,-0.345422
0.855000,1.906481,-0.343415
0.856000,1.907690,-0.341397
0.857000,1.908891,-0.339370
0.858000,1.910086,-0.337332
0.859000,1.911274,-0.335284
0.860000,1.912455,-0.333227
0.861000,1.913630,-0.331159
0.862000,1.914797,-0.329082
0.863000,1.915957,-0.326995
0.864000,1.917111,-0.324898
0.865000,1.918258,-0.322792
0.866000,1.919397,-0.320677
0.867000,1.920530,-0.318552
0.868000,1.921655,-0.316418
0.869000,1.922774,-0.314275
0.870000,1.923885,-0.312122
0.871000,1.924990,-0.309961
0.872000,1.926087,-0.307791
0.873000,1.927177,-0.305613
0.874000,1.928260,-0.303425
0.875000,1.929336,-0.301229
0.876000,1.930404,-0.299025
0.877000,1.931466,-0.296812
0.878000,1.932520,-0.294591
0.879000,1.933567,-0.292362
0.880000,1.934606,-0.290125
0.881000,1.935639,-0.287880
0.882000,1.936663,-0.285627
0.883000,1.937681,-0.283366
0.884000,1.938691,-0.281098
0.885000,1.939694,-0.278822
0.886000,1.940690,-0.276538
0.887000,1.941678,-0.274248
0.888000,1.942658,-0.271950
0.889000,1.943631,-0.269645
0.890000,1.944597,-0.267333
0.891000,1.945555,-0.265014
0.892000,1.946505,-0.262688
0.893000,1.947448,-0.260356
0.894000,1.948384,-0.258017
0.895000,1.949312,-0.255672
0.896000,1.950232,-0.253320
0.897000,1.951144,-0.250962
0.898000,1.952049,-0.248598
0.899000,1.952946,-0.246228
0.900000,1.953836,-0.243852
0.901000,1.954717,-0.241471
0.902000,1.955591,-0.239083
0.903000,1.956457,-0.236690
0.904000,1.957316,-0.234292
0.905000,1.958166,-0.231889
0.906000,1.959009,-0.229480
0.907000,1.959844,-0.227066
0.908000,1.960671,-0.224648
0.909000,1.961490,-0.222224
0.910000,1.962301,-0.219796
0.911000,1.963104,-0.217364
0.912000,1.963899,-0.214927
0.913000,1.964686,-0.212485
0.914000,1.965465,-0.210040
0.915000,1.966236,-0.207590
0.916000,1.966999,-0.205137
0.917000,1.967754,-0.202680
0.918000,1.968501,-0.200219
0.919000,1.969240,-0.197754
0.920000,1.969970,-0.195287
0.921000,1.970692,-0.192815
0.922000,1.971407,-0.190341
0.923000,1.972113,-0.187864
0.924000,1.972810,-0.185384
0.925000,1.973500,-0.182901
0.926000,1.974181,-0.180416
0.927000,1.974854,-0.177928
0.928000,1.975518,-0.175438
0.929000,1.976174,-0.172946
0.930000,1.976822,-0.170451
0.931000,1.977461,-0.167955
0.932000,1.978092,-0.165457
0.933000,1.978715,-0.162957
0.934000,1.979329,-0.160456
0.935000,1.979934,-0.157954
0.936000,1.980531,-0.155450
0.937000,1.981120,-0.152946
0.938000,1.981700,-0.150440
0.939000,1.982271,-0.147934
0.940000,1.982834,-0.145427
0.941000,1.983388,-0.142920
0.942000,1.983933,-0.140412
0.943000,1.984470,-0.137905
0.944000,1.984998,-0.135397
0.945000,1.985518,-0.132889
0.946000,1.986028,-0.130382
0.947000,1.986530,-0.127875
0.948000,1.987023,-0.125369
0.949000,1.987508,-0.122864
0.950000,1.987983,-0.120359
0.951000,1.988450,-0.117856
0.952000,1.988908,-0.115354
0.953000,1.989357,-0.112853
0.954000,1.989797,-0.110354
0.955000,1.990228,-0.107856
0.956000,1.990650,-0.105360
0.957000,1.991063,-0.102867
0.958000,1.991467,-0.100375
0.959000,1.991862,-0.097886
0.960000,1.992248,-0.095400
0.961000,1.992625,-0.092916
0.962000,1.992993,-0.090435
0.963000,1.993351,-0.087957
0.964000,1.993701,-0.085482
0.965000,1.994041,-0.083011
0.966000,1.994372,-0.080543
0.967000,1.994694,-0.078079
0.968000,1.995007,-0.075618
0.969000,1.995310,-0.073162
0.970000,1.995605,-0.070710
0.971000,1.995890,-0.068263
0.972000,1.996165,-0.065819
0.973000,1.996431,-0.063381
0.974000,1.996688,-0.060948
0.975000,1.996936,-0.058519
0.976000,1.997174,-0.056096
0.977000,1.997402,-0.053679
0.978000,1.997621,-0.051266
0.979000,1.997831,-0.048860
0.980000,1.998031,-0.046460
0.981000,1.998222,-0.044066
0.982000,1.998403,-0.041678
0.983000,1.998574,-0.039297
0.984000,1.998736,-0.036923
0.985000,1.998888,-0.034555
0.986000,1.999031,-0.032195
0.987000,1.999164,-0.029842
0.988000,1.999287,-0.027496
0.989000,1.999400,-0.025158
0.990000,1.999504,-0.022828
0.991000,1.999598,-0.020505
0.992000,1.999682,-0.018192
0.993000,1.999756,-0.015886
0.994000,1.999821,-0.013589
0.995000,1.999875,-0.011301
0.996000,1.999920,-0.009022
0.997000,1.999955,-0.006752
0.998000,1.999980,-0.004492
0.999000,1.999995,-0.002241
